{
  "model/models.js.map": 1739831931703,
  "i18n/i18n_en.properties": 1739819258794,
  "i18n/i18n_es.properties": 1739819258798,
  "manifest.json": 1739831931293,
  "model/grouper.js": 1739819277318,
  "model/formatter.js": 1739819277318,
  "model/GroupSortState.js": 1739819277342,
  "controller/Transaction.controller.js": 1739819250090,
  "controller/Master.controller.js": 1739819250090,
  "controller/ListSelector.js": 1739819250090,
  "controller/ErrorHandler.js": 1739819250090,
  "controller/Detail.controller.js": 1739819250090,
  "controller/BaseController.js": 1739819250090,
  "controller/App.controller.js": 1739819250090,
  "model/models.js": 1739819277342,
  "Component.js": 1739819292882,
  "controller/Transaction-dbg.controller.js": 1739819250090,
  "controller/Transaction.controller.js.map": 1739831931619,
  "model/formatter-dbg.js": 1739819277318,
  "model/formatter.js.map": 1739831931626,
  "model/GroupSortState-dbg.js": 1739819277342,
  "model/GroupSortState.js.map": 1739831931604,
  "model/grouper-dbg.js": 1739819277318,
  "model/grouper.js.map": 1739831931614,
  "controller/Master-dbg.controller.js": 1739819250090,
  "controller/Master.controller.js.map": 1739831931712,
  "controller/ListSelector-dbg.js": 1739819250090,
  "controller/ListSelector.js.map": 1739831931690,
  "controller/ErrorHandler-dbg.js": 1739819250090,
  "controller/ErrorHandler.js.map": 1739831931630,
  "controller/Detail-dbg.controller.js": 1739819250090,
  "controller/Detail.controller.js.map": 1739831931812,
  "controller/BaseController-dbg.js": 1739819250090,
  "controller/BaseController.js.map": 1739831931695,
  "controller/App-dbg.controller.js": 1739819250090,
  "controller/App.controller.js.map": 1739831931693,
  "model/models-dbg.js": 1739819277342,
  "i18n/i18n.properties": 1739819258794,
  "Component-dbg.js": 1739819292882,
  "Component.js.map": 1739831931705,
  "Component-preload.js": 1739831932064,
  "Component-preload.js.map": 1739831932064,
  "view/ViewSettingsDialog.fragment.xml": 1739819284474,
  "view/Transaction.view.xml": 1739819284474,
  "view/SortDialog.fragment.xml": 1739819284474,
  "view/NotFound.view.xml": 1739819284474,
  "view/Master.view.xml": 1739819284474,
  "view/FilterDialog.fragment.xml": 1739819284474,
  "view/DetailObjectNotFound.view.xml": 1739819284474,
  "view/DetailNoObjectsAvailable.view.xml": 1739819284474,
  "view/Detail.view.xml": 1739819284474,
  "view/App.view.xml": 1739819284474,
  "css/style.css": 1739819254486,
  "index.html": 1739823179677
}